<application>
  <component name="NodeJsLocalInterpreters">
    <local-interpreter path="/usr/local/bin/node">
      <version-cache version="10.5.0" last-modified="1530518141000" />
    </local-interpreter>
  </component>
  <component name="RecentTaskRepositories">
    <JIRA shared="false" url="https://jira.depositphotos.net">
      <option name="apiType" value="REST_2_0" />
      <commitMessageFormat>{id} {summary}</commitMessageFormat>
      <password>dff9dfdfdfdadfcfdfd8dfeedfdfdfdadfcfdfd8df9bdf92</password>
      <option name="inCloud" value="false" />
      <option name="jiraVersion" value="7.6.3" />
      <option name="loginAnonymously" value="false" />
      <option name="preferredCloseTaskState" />
      <option name="preferredOpenTaskState" />
      <option name="searchQuery" value="assignee = currentUser() and resolution = Unresolved order by updated" />
      <option name="shouldFormatCommitMessage" value="true" />
      <option name="useHttpAuthentication" value="true" />
      <option name="useProxy" value="false" />
      <username>i.babkin</username>
    </JIRA>
  </component>
</application>